Abondance, Absolution, Accessoire, Acrobatie, Additionner, Admiration, Adoption, Adolescent, Affection, Affirmation, Agriculture, Alimentation, Allumette, Alphabet, Alternance, Altitude, Ambition, Amusement, Analyseur, Anniversaire
Apparition, Applaudissement, Application, Architecte, Argumenter, Arrangement, Ascenseur, Assemblage, Assimilation, Assurance, Attention, Attraction, Augmentation, Automate, Aventure, Aviateur, Bagage, Balcon, Barometre, Bataille
Beauté, Berceau, Bienvenue, Biscuit, Blanchir, Bonheur, Bibliotheque, Biographie, Boulevard, Bravoure, Budget, Cabaret, Calendrier, Calligraphie, Camion, Cascade, Catastrophe, Celibataire, Candidature, Certificat
Charabia, Charniere, Chasseur, Changement, Chemisier, Chirurgien, Chocolat, Chronometre, Circulation, Citoyennete, Clairvoyant, Clandestin, Claviere, Collecteur, Combatif, Comedien, Commentaire, Compatible, Compteur, Conflit
Concurrent, Confession, Confiture, Conjugaison, Conquerant, Consecration, Consolation, Constitution, Contorsion, Contrainte, Contribution, Controleur, Conviction, Cooperation, Coordination, Cordialite, Correspondance, Correlation, Corruption, Cosmopolite
Coutelier, Couturier, Creativite, Crepuscule, Croissance, Cuisinier, Culminant, Cultivateur, Cyclisme, Cynisme, Dactylographie, Dangerosite, Decadence, Decapiter, Decouvrir, Decoration, Deduction, Defaillance, Degre, Delegation, Delicatessen
Demarcheur, Demenagement, Denomination, Denouement, Deplacement, Deployable, Deprime, Desespoir, Designer, Destruction, Detecteur, Developpement, Diagnostic, Dialectique, Dialogue, Dimensionnel, Diplomatie, Discretion, Disjonction, Distinction
Documentation, Domination, Donation, Doublure, Drainage, Dynamique, Ebeneisterie, Eclairage, Eclipse, Economiste, Educatif, Effraction, Egalitaire, Egratigner, Ejection, Electrique, Elevation, Eloquence, Embauche, Embellissement
Emerveillement, Emplacement, Emprunteur, Encadrement, Enchantement, Encouragement, Endurance, Energie, Engagement, Engrenage, Enigmatique, Enjouement, Enrichissement, Enseignement, Entente, Enthousiasme, Entrepreneur, Environnement, Epaisseur, Epicerie
Epoustouflant, Equilibre, Equipement, Equivalence, Equitation, Erosion, Escalade, Escalier, Espionnage, Essentiel, Establishment, Estimation, Etalonnage, Etancheite, Etincelant, Etonnement, Etouffement, Etrangete, Evaluation, Evaporation
Evasion, Evenement, Evolution, Exageration, Exaltation, Examen, Exasperation, Excellence, Exclamation, Exclusivite, Exemplarite, Exigence, Existence, Expansion, Expedition, Explication, Exploration, Explosion, Exportateur, Expression
Extension, Extraordinaire, Fabrication, Facette, Facilitation, Facteur, Facturation, Faitout, Familiarite, Fardeau, Fatalite, Fauconnier, Faussaire, Favorable, Fecondite, Felicitation, Fenetre, Fermeture, Festival, Feuilleter
Filigrane, Finaliste, Financeur, Fingeur, Flatterie, Flottement, Florissant, Fondamental, Fonctionnel, Forceur, Formaliste, Formation, Formalite, Fortification, Fossiliser, Foudroyant, Fougueux, Fourberie, Fraternel, Fructueux
Frugalite, Fugacite, Fulminant, Fusionner, Galanterie, Galvaniser, Garantie, Gargantuesque, Gaspillage, Generaliste, Generation, Generateur, Genialite, Genouillere, Geometrique, Gerance, Gestation, Gesticulation, Glorification, Gloutonnerie
Gouvernable, Gracieusete, Gratification, Grignotage, Grisatre, Grognement, Grossierete, Groupeur, Guerilla, Guillotine, Habillage, Habituel, Haineux, Harnachement, Harponnage, Hasardeux, Hauteur, Hebergement, Helicoptere, Hemorragie
Heretique, Hesitation, Heureux, Hierarchie, Historique, Honorable, Honorifique, Hospitalite, Hostilite, Humanitaire, Humiliation, Hypothese, Hysterique, Iconique, Idealisme, Ideologie, Ignition, Illimite, Illumination, Illustratif
Imagination, Imitateur, Immersion, Immobilier, Immortalite, Impalpable, Imparable, Impartial, Impeccable, Impenetrable, Implantation, Implementer, Implication, Importateur, Imprevisible, Impression, Improvisation, Impulsion, Inaccessible, Inattendu
Incandescent, Incarnation, Incertitude, Incident, Inclinaison, Inclusif, Incoherence, Incomparable, Incompatible, Incomprehensible, Inconnu, Incorporation, Incorrect, Independance, Indicateur, Indifference, Indignation, Individuel, Indomptable, Industriel
Ineffable, Inefficace, Inegalable, Inestimable, Inexactitude, Inexplicable, Infatigable, Inferieur, Infinitif, Influenceur, Informatif, Infrastructure, Inhabitude, Innovation, Inondation, Insaisissable, Inscription, Insensible, Insignifiant, Insolite
Inspection, Inspirateur, Installation, Instantane, Instrumental, Insurmontable, Insurrection, Intacte, Intangible, Intellectuel, Intemporel, Intensite, Intentionnel, Interaction, Intercepteur, Interdiction, Interessant, Intermediaire, Interpretation, Interruption
Intersection, Intervention, Intimidation, Introduction, Introspection, Intrusion, Inutilement, Invasion, Investisseur, Investigation, Invitation, Invocation, Irreductible, Irreflechi, Irresistible, Irrevocable, Isolateur, Isolationnisme, Itinerant, Ivresse
Jubilatoire, Judicieux, Justifiable, Juxtaposition, Lamentable, Laminage, Languissant, Lapidaire, Lapsus, Lateralite, Legataire, Legendaire, Legerete, Legislation, Legitimite, Letargique, Levitation, Liberateur, Liquidation, Lisseur
Litteraire, Localisateur, Logistique, Longevite, Louangeur, Luminosite, Lutteur, Maceration, Magnanime, Magnetisme, Magnifique, Magistrale, Maitrise, Maladroit, Malchanceux, Malediction, Malentendu, Malhonnete, Malnutrition, Malpropre
Manifestant, Manipulateur, Manoeuvre, Manuscrit, Marecageux, Marginal, Marqueur, Materiel, Mecanicien, Mediateur, Mediation, Meditatif, Mecontent, Meilleur, Menagerie, Mentionner, Mercenaire, Metallurgie, Metamorphose, Methodique
Meticuleux, Metropole, Microbiologie, Microscope, Militantisme, Millenaire, Minimaliste, Minutieusement, Miracule, Missionnaire, Mobilisateur, Modernisme, Modificateur, Modestie, Momentane, Monarque, Moniteur, Monnaie, Monumental, Moralisateur
Motivation, Mouvement, Multiplicite, Munificence, Mutation, Mystere, Mythologie, Naissance, Narratif, Nationalisme, Naturel, Navigation, Necessaire, Negociateur, Nefaste, Negligence, Negociation, Neutralite, Nevralgique, Nobiliaire
Noctambule, Nomade, Nomination, Nourricier, Nuisance, Numerotation, Numerique, Nutritionnel, Obedience, Objectivite, Obligation, Observateur, Obsessionnel, Obstacle, Obtention, Occasionnel, Occupation, Octogone, Odorant, Offensif
Optimisation, Opportuniste, Opposition, Opprime, Orchestration, Ordinateur, Ordonnateur, Organisation, Originalite, Ornithologie, Orthographe, Oscillation, Ostentatoire, Oublieux, Ouvrabilite, Ovationner, Pacificateur, Pedagogique, Pedalage
Peninsule, Perception, Perfection, Performant, Perilleux, Permanence, Permission, Perseverant, Personnalite, Perspective, Perturbation, Phenomenal, Philosophie, Photographie, Physicien, Pianistique, Pictural, Pietinement, Pilotage, Pionnier
Pittoresque, Placide, Planificateur, Plastique, Plenitude, Poignard, Polemiste, Policier, Politique, Pollinisation, Polyvalence, Population, Portefeuille, Positionnement, Possession, Potentiel, Pouvoir, Praticien, Precaution, Precipitation
Prediction, Preparation, Presentation, Presomptueux, Pretention, Preventif, Privilege, Processus, Producteur, Professeur, Progression, Projection, Proliferation, Prolongation, Promenade, Promoteur, Promotionnel, Propagation, Proportionnel, Proposition
Prospere, Protecteur, Protocolaire, Provocation, Prudence, Psychologie, Publicite, Publication, Pulsion, Punition, Quadrillage, Qualification, Quantifiable, Quarantaine, Quartier, Quasiment, Questionner, Quotidien, Raccourci, Radiateur
Radiographie, Ralentissement, Ralliement, Ramassage, Rassembleur, Rationalisme, Rattrapage, Ravissement, Reactionnaire, Realisation, Recevable, Recognition, Recommendation, Recompense, Reconquete, Recupération, Redemption, Reduction, Refroidissement, Regulateur
Rehabilitation, Reintegration, Rejouissance, Relationnel, Relevement, Remarquer, Remediation, Remplacement, Renseignements, Renouveau, Repartition, Reparation, Repercussion, Representation, Reproduction, Requisition, Resiliation, Resistance, Resolution, Ressource
Responsabilite, Ressemblance, Retablissement, Retardataire, Retenue, Retournement, Reussite, Revelation, Revolutionnaire, Rigoureux, Risqueur, Robustesse, Romancier, Romanticisme, Roulement, Saisonnalite, Satisfaction, Sauvegarde, Savoureux, Scenariste
Scientifique, Sculpture, Secourisme, Segmentation, Seisme, Selection, Sensibilite, Sensibilisation, Sensualite, Sentimental, Sequestration, Serveur, Simplification, Simulation, Singulier, Socialisme, Solidite, Sollicitation, Solutionnel, Somnolence
Somptueux, Sophistique, Souffrance, Souhaitable, Soutenable, Sovereain, Specialisation, Specification, Spectaculaire, Spontaneite, Stabilisateur, Stationnement, Statistique, Stimulateur, Stratageme, Stratification, Structuration, Stupefiant, Subdivision, Subvention
Successif, Succulent, Suffocation, Suggestion, Superficiel, Superieur, Supplement, Supportable, Surdouance, Surrealisme, Surveillant, Susceptible, Symbolisme, Synchronisation, Syndrome, Synergie, Synthese, Systematique, Tabouret, Talentueux
Tangible, Tarification, Temporisation, Tentation, Terrestre, Territoire, Testimonial, Theorique, Thermometre, Tolerance, Traditionnel, Tranquillite, Transformation, Transition, Transmission, Transparent, Trajectoire, Transcription, Transporteur, Travailleurs
Tremblement, Triangulaire, Tributaires, Triomphant, Triplement, Tropique, Troubadour, Turbulence, Tutoriel, Unificateur, Universalite, Urbain, Utilitaire, Vacancier, Valorisation, Variete, Vegetatif, Ventilation, Veritable, Versatile
Technocratisaient, Telecommanderaient, Telemecaniciennes, Teleprospectrices, Teletransmettront, Teletravailleuses, Tintinnabuleraient, Tirebouchonneront, Tournebouleraient, Toxicodependantes, Tracheotomisaient, Tranchefileraient, Tranquilliseraient, Transactionnelles, Transamazoniennes, Thermopropulsives, Thermoresistantes, Thanatopractrices, Tradipraticiennes, Thermodynamique
Syndicalisations, Syndicaliseront, Systematisations, Systematiseraient, Tarabiscotasses, Tarabiscoterais, Technocratiseras, Technocratiserez, Telechargeaient, Telecommandassez, Telediffusions, Telegraphieront, Teleprospecteur, Teletransmettra, Teletransmettez, Teletravailleurs, Theatralisations, Thermoformaient, Tirebouchonnerai, Tourbillonnasses
Abri, Able, Acer, Aile, Aire, Amie, Ange, Apte, Aube, Auge, Auro, Avid, Axer, Ayez, Bain, Baie, Banc, Band, Base, Bave
Abord, Acces, Actif, Agate, Aider, Alibi, Amour, Angle, Apple, Arbre, Arche, Argon, Aride, Armée, Asile, Audit, Avert, Avoir, Azure, Bague
Accord, Action, Adorer, Afflux, Agacer, Aimant, Albume, Allure, Amener, Ancrer, Angora, Anomal, Antique, Ardeur, Argent, Armure, Arsenal, Asseoir, Atome, Atout
